officer_id,complaint_count
2848,7
3565,1
6158,1
264,2
2024,2
4718,2
3370,1
6873,1
2961,1
6122,1
1101,2
6967,9
599,1
2247,1
4321,1
1820,1
4875,2
7477,1
7416,2
5161,2
3652,3
2148,5
2627,4
4996,4
5587,11
6295,1
3322,1
1478,1
3367,1
1543,2
7003,2
1229,3
3715,1
2485,4
7080,1
2150,3
1726,2
2640,1
4722,2
1116,3
3781,2
786,1
4388,1
6953,1
5142,4
3924,5
3142,2
541,2
4198,1
5796,2
6960,1
7071,1
3054,1
2210,1
4010,2
1065,1
252,1
5605,1
5080,1
537,3
6501,3
5099,7
2300,2
7214,1
4485,1
6418,1
4475,1
958,1
17,1
325,1
3859,1
142,1
1999,1
5058,3
1333,5
6782,4
7215,5
4055,2
1783,1
3560,1
4667,1
3124,1
5561,1
914,1
4157,1
5684,1
5048,2
3510,2
4137,4
7300,1
7088,2
5329,1
296,10
6598,1
4910,1
3335,1
282,6
7448,3
6585,1
4105,1
2816,1
1389,2
1364,2
655,6
6991,3
5170,8
7430,3
2266,1
5656,1
1275,1
478,1
6170,1
3410,4
2038,1
3564,3
1606,1
7218,1
5506,3
2693,1
5409,1
3242,1
4145,1
7463,2
4360,4
6210,7
4056,3
1374,1
2886,9
6602,1
3492,1
2363,7
7131,4
2270,1
7257,1
2522,2
2542,1
211,3
4787,2
7493,3
1963,4
3012,1
6964,1
15,5
6118,3
77,2
1800,1
6389,3
4976,1
56,1
1966,3
7169,3
6714,3
6790,6
5865,10
3384,1
4291,1
2211,3
4449,3
6700,3
2112,1
2753,1
7150,1
3853,2
712,23
923,1
1910,4
4359,1
977,2
4189,2
2179,1
879,4
515,1
1427,1
6298,1
1551,2
5256,1
5610,3
4435,1
2729,3
165,1
7366,1
5838,1
21,6
3707,7
6247,1
570,2
5270,1
2968,1
3942,1
1049,1
7353,1
7342,2
7157,1
3912,6
6058,3
6056,1
7327,1
609,1
1242,4
7397,4
2480,1
2153,2
6899,1
2692,1
7217,1
6768,1
2587,1
6337,1
6643,2
530,2
5821,3
5540,3
6031,2
653,2
3812,2
2677,1
3458,2
7219,17
2362,1
3379,1
1475,1
3034,2
3249,2
5141,1
1978,1
6737,2
2719,2
3663,1
4487,2
6409,1
4300,6
7302,4
941,2
5240,3
2353,3
2625,1
3910,1
804,1
3900,4
5827,3
4347,1
1091,1
1018,1
2856,1
6468,5
3496,2
3237,4
1233,1
6945,1
4176,4
1812,3
928,2
4027,1
5147,1
6933,1
1733,1
3759,6
6171,3
2355,2
987,4
5921,1
2686,1
6613,1
3135,2
2262,1
4648,2
2669,1
6299,3
312,1
5989,1
470,1
6786,3
5376,1
2562,1
1213,1
4554,2
5002,1
4813,1
7374,3
7180,1
6651,3
2621,1
2073,1
99,2
1884,2
2105,1
4241,1
1322,1
1762,3
3681,1
2777,3
162,1
6042,3
4788,2
7360,1
4963,1
2445,1
1040,1
2528,9
4740,1
1624,2
6023,1
7198,1
4063,1
6173,1
2922,1
5943,3
2940,1
1492,2
5682,2
5981,1
1433,1
6381,2
5230,1
1979,2
3014,4
7490,1
4638,3
3293,1
3024,1
2878,1
5620,2
5668,1
4090,1
811,2
2313,2
4207,2
417,10
4672,1
605,1
6175,2
5221,1
2929,4
1240,1
3505,11
3172,1
2291,2
6650,1
3185,1
6297,1
6014,2
6316,3
2867,3
187,2
2756,1
1367,1
1770,1
1669,2
5858,2
6728,1
3881,1
5766,2
4043,1
3329,3
2716,6
2665,1
5547,2
7362,1
5569,3
126,1
511,1
6240,1
5617,1
4229,3
4307,6
3520,3
6752,1
6455,2
968,1
2734,6
7288,1
6121,2
2282,1
378,2
4378,1
5325,3
5053,2
3164,2
1176,1
3437,2
2880,3
1423,1
5843,1
4260,1
5182,5
849,8
5209,1
7404,2
764,1
5086,2
1004,2
4482,3
2492,3
6840,2
2482,1
5512,4
5282,1
5794,1
6391,1
3559,1
477,1
7048,1
1905,3
3787,1
3798,4
5602,1
2603,1
3790,4
3423,1
2548,2
4025,6
6069,1
6168,1
2404,1
1441,2
3009,3
6804,8
5136,3
5825,1
6820,2
1163,6
7518,1
4004,1
5464,1
3136,3
1098,1
5872,1
2545,1
6705,1
3965,1
5599,1
591,1
2018,3
7068,2
4243,2
3630,1
6036,1
4696,3
4336,1
6645,1
5265,7
5332,1
1823,1
4670,1
3144,6
5231,2
134,3
2487,2
6608,2
3372,3
4286,1
6278,2
4823,2
3210,12
7411,1
6367,9
1648,4
6723,1
6944,1
2204,2
5888,1
3222,1
6399,1
1347,3
5736,1
4510,3
5457,1
4687,1
4269,2
2010,2
4824,1
1688,1
2065,1
3250,1
4614,2
6516,4
84,2
5491,3
6639,5
3047,1
3624,1
6951,2
6823,1
5160,1
4343,4
6,5
3789,1
2139,2
2369,1
4825,2
7186,3
2809,1
4122,7
488,1
3138,1
6763,2
516,3
3464,1
713,2
2841,2
3549,1
5813,2
840,1
5505,7
720,3
5896,6
564,6
6472,5
4021,2
4596,7
247,3
3695,1
1654,3
5572,2
5105,1
5285,1
7083,1
766,2
2434,5
7111,2
4540,1
3829,1
5441,1
7274,1
680,1
4915,1
7017,1
5095,3
2317,1
1155,1
1643,4
663,2
115,2
6824,1
6690,2
5831,1
1618,1
322,1
2320,1
4005,1
6812,2
4627,1
2513,1
1494,1
6989,2
6370,1
1493,1
4920,7
1227,1
174,1
4151,1
4940,2
2634,1
4373,1
1675,2
5085,1
6541,6
1566,1
2563,5
2604,3
5873,3
1544,2
3904,1
3378,1
5467,2
3315,2
222,1
6553,1
92,1
7123,1
528,1
1039,3
1255,3
1751,1
2817,1
2014,2
1170,1
2726,1
44,3
4848,3
1474,2
5886,4
5109,2
3774,1
2383,1
5929,1
7264,3
1196,1
4216,1
4077,1
4459,4
6805,1
6591,4
2253,2
2629,1
7177,1
4477,2
7143,1
5342,7
3761,1
4952,1
7200,1
6725,1
6788,1
562,1
206,6
1846,6
237,3
6362,1
2617,3
6983,3
3636,1
6610,1
2131,2
5087,2
3473,1
2015,1
3127,1
360,2
7066,1
1886,1
2904,1
3843,1
2874,4
906,1
945,8
3214,2
5199,5
5442,17
981,1
4873,9
5328,1
975,1
6397,2
6652,1
4187,1
3584,1
4329,1
668,1
4039,1
4050,1
4267,1
4326,1
6238,2
124,1
3651,2
1121,2
561,2
229,4
1272,2
1179,1
5834,1
415,2
1044,1
6055,4
2781,2
5277,4
7446,3
6854,3
5052,1
3865,1
3442,1
1464,1
2431,5
6662,2
4040,1
6364,1
5389,1
2071,1
4645,3
2269,2
166,1
4240,5
3602,4
4706,1
7184,1
7415,2
6856,2
5509,1
1444,1
3000,6
388,1
884,1
4277,3
7110,1
598,1
2820,2
6073,2
5935,2
3016,1
5840,2
4440,1
4592,1
6174,1
6716,1
4276,8
472,1
7091,2
2960,1
4608,3
3765,2
6495,1
3245,1
5324,9
3518,1
3279,5
2377,1
1284,1
5413,1
6808,1
911,2
1192,4
6476,1
916,1
161,2
3667,6
1436,1
3331,1
1360,3
5455,1
3543,3
4486,4
4715,1
4177,1
1689,1
5758,2
7334,1
657,4
1245,2
6616,1
6656,1
963,4
6405,3
5624,4
3498,1
592,3
3574,9
2163,2
448,1
7040,4
907,1
5709,1
6160,1
3527,1
6659,1
757,3
306,1
7250,1
345,1
436,1
5651,2
4941,3
2970,1
1421,3
6140,1
4710,1
3419,1
1939,2
4856,2
6506,16
711,1
917,1
3406,2
2663,3
4889,3
7466,4
3548,2
1785,4
283,1
7480,1
3692,1
1088,3
772,2
2352,1
6846,4
1195,1
1918,3
3389,1
962,5
1661,3
1434,1
953,2
1379,4
5351,1
4247,1
1671,1
3845,5
615,3
5290,3
144,1
4287,3
6604,6
106,1
285,1
7269,3
601,2
4200,3
7483,1
5842,1
3178,3
6161,7
5788,1
1351,1
4891,1
1046,1
6334,1
5652,1
3674,1
1191,1
6601,3
452,1
7418,1
2956,2
5553,1
5900,1
3207,1
1468,1
6336,1
577,2
4862,1
6352,1
4102,6
3552,1
550,1
6660,3
1728,3
2447,2
2658,1
5618,1
6086,1
3500,1
384,3
6064,1
6595,1
5369,2
6447,1
3516,1
700,3
1076,1
3953,2
3355,2
3644,1
1539,7
620,2
518,2
4916,1
5905,3
214,2
2121,1
2872,1
1541,1
1845,1
2676,2
397,1
5372,4
6600,1
2136,7
4743,1
20,8
7192,1
3154,1
5232,1
6335,1
330,5
3244,1
6692,1
6869,2
2733,3
1069,2
1462,1
2437,6
2539,1
2750,3
2187,1
6564,3
2702,1
1818,4
4500,5
3984,3
6546,1
4810,1
405,1
5817,2
5336,7
6120,2
2950,1
3484,1
4079,1
2659,3
5957,1
6191,1
5745,1
4606,1
1383,3
4881,1
5769,1
3803,1
6311,1
6902,1
2414,1
2997,1
6797,1
1273,2
7261,1
3854,1
5826,2
6196,1
5469,2
1802,9
1496,1
5515,2
3876,2
1854,1
4037,1
883,1
4171,2
2636,3
3159,1
942,1
6769,7
4651,1
4630,6
2427,3
2032,3
3524,1
5272,4
4118,1
2890,1
1093,1
2022,5
1502,1
5481,4
2666,7
3433,2
5343,1
382,1
6741,1
335,1
4139,1
1597,1
4339,1
4228,2
2229,2
1073,1
5083,1
2518,1
805,2
3359,8
1777,1
5966,1
5867,1
4695,1
7478,3
5402,3
3350,1
1388,1
6505,1
6434,2
815,1
833,1
7084,1
1178,4
11,2
4087,1
5089,3
2589,1
3069,1
6733,2
1573,1
4865,1
3723,3
5388,1
1210,1
508,1
1961,1
7358,2
1718,3
5688,1
1222,1
6209,1
6363,1
3569,1
5188,1
2455,2
6402,1
1896,2
5426,1
2851,2
4306,4
479,1
3706,1
3899,3
7267,1
6493,1
4984,6
3147,1
2977,3
5588,1
6392,1
5011,2
2420,3
3650,3
6865,3
1912,2
4428,3
5963,2
3857,1
442,1
1085,1
57,1
239,1
1243,1
2766,1
1584,4
2698,1
1744,5
5541,4
5949,5
5154,1
5399,1
7371,2
12,5
1887,1
6272,2
4652,1
6971,4
2118,3
6684,1
2240,1
3632,1
3241,6
3946,1
6882,12
5008,1
4227,7
7078,1
3919,3
4968,3
3439,2
424,2
2517,1
1437,2
5185,1
2917,3
3938,1
4110,1
7128,5
5673,1
3259,1
5024,1
3330,2
2133,2
1225,1
1919,2
3019,1
4401,1
7323,1
64,1
7363,1
2782,1
3588,1
1200,1
4071,1
6504,1
2722,2
3057,2
1725,1
1298,1
6627,1
3031,2
315,1
4782,1
4664,1
7429,1
6350,1
6581,2
7256,4
3149,2
6831,2
4224,1
5728,1
1841,4
1567,1
2031,4
5581,1
4470,6
1373,1
843,1
2154,7
346,3
1509,8
1913,2
841,2
4995,1
3988,3
2710,1
1451,1
7352,3
3861,1
6936,1
1394,1
1150,2
4766,8
2643,3
2286,2
459,1
3109,1
5163,1
7101,3
1063,2
5207,8
2568,1
274,1
5782,2
6085,1
6569,2
6195,6
3341,1
1518,2
3490,5
5117,4
6154,1
5111,1
1194,1
6244,1
651,1
5313,1
6360,1
4626,3
1878,1
5499,1
1690,1
83,1
7499,2
851,2
5590,6
1219,2
6188,2
5767,1
5076,1
2375,1
5868,6
7354,1
5717,1
631,2
1407,8
6044,1
2325,3
2401,1
5302,1
6034,3
3890,1
7299,2
5463,1
6534,2
5100,1
1853,5
2199,1
984,1
5738,1
4091,3
2070,2
3091,2
2680,1
2481,3
4555,2
5021,1
5641,5
2398,4
6864,5
4408,1
507,1
596,1
3826,1
7440,1
3687,1
5837,1
4733,1
6457,4
5851,1
3224,2
7045,1
2259,1
2012,9
2416,2
7072,1
6517,2
5338,2
3411,4
2234,1
2101,1
3511,1
6411,2
2815,1
3251,1
5323,3
3725,1
7161,4
1359,3
770,1
5823,2
2584,1
433,1
7021,1
7388,2
293,3
1828,1
3983,1
5524,4
4119,8
5192,4
5535,3
6150,2
1780,1
2631,5
837,1
3403,1
7372,1
3525,3
3112,1
5174,1
152,1
3832,1
3794,2
2388,2
6799,4
5683,1
3110,2
7199,2
2999,2
6515,1
5,2
4436,2
6454,4
6977,1
2000,1
4870,1
6969,1
1321,1
5623,1
1340,10
5276,6
7096,4
1417,1
2715,1
1766,1
979,7
1357,1
2507,1
6836,1
4252,1
846,5
254,9
4988,1
4211,4
625,2
7044,1
5665,1
4251,4
2459,2
581,1
5977,2
5472,1
6314,2
6052,2
2104,2
3784,2
818,1
396,1
6049,2
935,2
2076,1
4704,1
2279,4
1795,2
2920,1
4061,1
1816,2
1996,1
4351,1
2546,1
6394,1
6090,1
6323,1
6806,1
4978,1
3738,1
6458,3
4961,7
1799,1
2246,1
5763,1
215,3
5510,1
1370,3
4314,3
4011,1
7252,2
317,1
1457,4
5081,1
2511,1
6876,2
1621,2
3477,1
5616,1
5444,10
6193,1
5152,2
4405,1
3546,11
3582,2
3713,1
6446,2
2759,1
6017,1
326,1
2661,1
3934,1
1986,2
1328,5
4425,1
133,3
1202,2
279,1
3093,2
4062,2
2080,1
6710,1
755,1
3718,8
5744,1
1220,1
6843,1
6685,2
3914,1
6105,3
2093,4
172,3
4966,1
4160,1
4042,1
2087,1
55,6
7400,1
1940,1
38,2
5379,3
2411,3
2504,14
1990,2
4803,1
5615,1
5985,1
7100,1
3944,2
1824,3
2549,3
646,2
1781,1
725,3
129,1
3623,2
5195,2
6325,1
195,1
6791,2
1106,3
2064,1
6456,1
707,1
4621,1
6736,6
2356,4
971,3
7481,1
1572,1
4919,1
5815,7
930,1
6559,2
1332,3
2850,2
903,1
1972,3
1138,3
571,4
7391,1
4303,1
1825,5
3908,3
1925,3
2973,1
6959,2
2008,1
3343,1
1368,1
4812,4
2670,2
4565,2
5239,1
1971,3
48,6
6881,1
1099,2
4938,1
7079,3
6853,2
4458,1
6941,1
2854,3
3746,6
5296,1
95,2
1908,5
5932,1
7226,1
1603,1
6365,1
3554,1
3444,1
3981,1
623,1
6375,3
751,3
4953,2
7209,13
454,3
4317,4
5952,1
6491,2
7086,1
2675,3
4167,4
6765,2
1529,1
2957,1
4068,3
3513,3
5274,1
6380,3
4394,1
5106,5
1612,1
6635,10
6037,1
2934,1
7094,2
669,1
675,2
7070,3
4418,1
6849,5
5061,2
2496,3
2690,1
4515,3
1765,1
5916,2
709,1
5625,1
2998,1
7179,3
6463,2
708,1
3305,1
5857,1
3268,1
2173,2
4741,2
6304,1
7343,1
6510,2
3453,1
4398,1
6159,4
363,2
6792,2
2885,1
341,2
7290,1
6891,9
6438,1
6368,2
5101,2
286,1
7020,1
2745,3
7116,8
6961,1
5046,3
1154,2
3011,1
3841,1
2314,1
5341,3
3815,5
3893,1
2107,1
3053,1
691,7
1949,3
6838,1
3035,7
767,1
1557,1
1844,5
1907,1
197,1
6832,2
7308,3
750,4
5594,1
114,2
2284,2
3306,1
4589,1
6048,2
5446,2
5759,1
7307,3
1385,1
2127,1
2512,4
3181,1
3332,2
7329,3
6646,4
844,6
4197,1
3396,2
5765,5
520,1
2063,1
688,1
7289,2
6749,2
5595,1
4546,2
7435,1
3863,1
5578,4
3716,1
4144,2
1072,3
1362,1
5206,1
7402,3
457,1
6230,5
1550,9
2776,2
3101,1
4590,2
5608,2
2469,1
4586,2
4674,6
6565,1
1928,5
2100,1
2195,1
1796,1
761,1
6702,3
567,1
1066,1
6026,3
2633,3
6041,1
6320,1
4045,1
1763,1
5902,1
658,1
2610,1
955,1
1686,4
1247,1
5436,3
6527,1
5375,3
2250,3
3390,1
6909,5
4587,3
2907,2
5936,1
4971,1
2860,5
1973,1
1132,3
5797,14
3962,6
1655,1
2088,1
460,5
2298,1
4772,1
5225,1
441,1
6778,3
393,2
1787,1
557,2
5251,1
2117,3
2807,1
4007,2
7319,5
5354,1
3346,1
1197,1
1921,1
2798,3
1472,1
5478,6
6809,1
6620,1
6762,2
5458,2
4765,1
4711,1
1254,1
1700,1
4433,4
4780,2
6022,9
2688,1
4737,1
1068,5
4052,2
2367,1
350,2
2566,4
7310,4
2157,1
4896,1
6211,3
1287,1
7280,1
7509,2
4754,2
3855,1
4817,1
4238,2
7451,1
862,6
2379,1
1637,3
2948,2
1664,3
2009,2
3098,1
5119,4
5945,1
246,8
1788,2
159,3
267,2
1111,3
5979,6
6629,1
1279,1
6005,1
1594,1
5568,1
5383,1
3344,1
4756,3
2386,5
5715,1
3660,7
5363,1
402,1
2129,3
2315,1
380,1
1112,1
3438,2
4049,2
410,1
3336,1
5412,2
2340,1
4288,1
1948,1
574,1
3327,3
4716,2
4983,4
1028,1
2365,1
1526,1
3111,3
5065,1
2780,2
3769,1
3872,1
5287,6
6182,1
1214,3
6264,1
1397,1
6072,1
368,1
7031,2
6566,2
3440,1
3677,1
2171,1
6267,1
3744,1
4338,1
407,3
6745,1
4104,1
6106,1
5964,2
7043,3
2852,2
3940,1
3377,1
2565,2
275,1
5959,1
5204,2
7496,1
6999,1
371,9
990,1
726,1
2016,1
4924,1
1097,4
2784,1
5498,4
1,1
3137,1
6528,1
5394,1
4730,2
7258,2
666,3
2976,4
3870,3
1943,1
6978,1
1261,1
4611,2
6870,1
5243,4
3907,1
1144,1
1976,1
1260,1
4969,2
6329,1
1797,10
6393,1
2552,7
3150,1
372,2
6533,1
7224,9
1363,1
1580,5
1365,1
49,2
3074,3
2465,3
5223,15
5663,1
22,1
912,1
6227,2
3909,7
1058,1
45,2
5423,1
199,7
1950,1
6432,1
7050,8
2861,3
5349,1
3643,1
7136,1
6294,5
3100,1
3990,4
4424,2
6605,1
4516,3
7515,5
6088,3
60,6
2094,2
5424,4
6204,1
4147,1
1773,1
3629,1
422,1
5480,1
4342,10
3467,3
327,1
3278,1
4407,1
6918,2
3213,1
469,2
1053,1
3165,2
6094,1
2944,1
3006,1
4724,1
6016,5
7002,1
3013,1
245,2
1870,1
5976,3
6857,1
4444,1
7155,1
3025,3
7265,1
6682,9
5246,1
4719,4
1266,1
3223,1
259,1
1015,1
2433,2
6859,6
6098,1
5516,1
573,1
3998,2
6675,1
7275,2
6441,1
2029,2
1710,1
3055,1
5159,9
864,1
4834,2
6923,1
3991,1
3827,2
291,1
3698,5
6242,8
423,1
3073,4
6573,2
3999,1
2002,1
61,2
797,1
5245,4
901,1
3431,2
2290,1
3240,4
5177,1
4693,1
4950,1
6428,1
3977,5
3848,4
7406,1
5125,1
4245,3
3280,1
4520,1
6523,1
1300,1
2242,2
1562,2
4655,3
2632,1
3913,2
4610,1
5692,9
6348,1
3243,1
3199,3
7311,1
2067,5
6083,2
503,3
2786,4
2588,2
4377,3
5345,3
2258,3
5955,3
6746,7
3302,1
753,1
1894,4
1883,2
7506,1
7154,3
1177,4
7305,1
6875,2
4220,1
3918,1
4853,5
6615,1
2042,6
1326,2
972,1
4559,1
6970,3
1411,7
3052,2
808,1
331,1
1547,1
798,1
874,1
5810,1
6116,1
4370,1
1695,7
6388,1
3486,1
6273,1
6373,1
411,2
445,1
6172,1
3275,3
4949,1
3455,1
7326,2
6318,3
4156,1
6313,2
2613,2
1497,2
6756,2
7270,1
1888,4
6075,2
1199,1
3952,1
6467,2
383,3
5268,5
4914,4
4309,3
3385,2
1119,3
3642,2
2735,1
5200,1
5079,1
7124,2
3108,3
6268,1
453,1
1548,1
7244,3
3272,9
7153,3
2918,2
3401,3
802,1
5836,1
2598,3
3318,1
7009,1
1080,1
3041,3
2415,1
2125,1
455,2
3311,2
7492,1
6235,1
1420,2
4987,2
2306,1
1087,2
630,1
1532,1
209,2
4281,5
5211,1
850,2
1288,2
801,1
5933,2
3290,1
5031,2
856,2
3095,2
4849,2
4858,4
5001,2
756,4
2091,7
6548,1
3205,2
3995,1
2442,1
151,4
3195,4
7007,1
2241,2
4131,1
2987,2
270,1
5924,4
7452,2
7210,1
6436,1
5829,1
7185,1
6907,1
3828,1
6709,1
6950,2
6644,1
4885,2
2931,1
1048,2
1465,1
4053,3
4447,9
1253,1
6855,2
2389,1
2308,2
5084,1
1348,2
2156,2
1879,1
5940,1
3079,7
213,4
1732,4
2515,1
2251,1
6712,1
1640,1
3189,2
3310,1
5266,2
4679,1
4999,1
5015,1
5772,1
4208,7
3895,1
218,4
7005,3
4201,1
4298,5
373,2
4114,3
1864,1
1945,1
969,4
2228,1
6180,1
3509,1
785,1
3351,5
5571,3
7122,1
6357,1
2974,1
2574,1
7207,1
6519,1
7389,6
2050,3
5639,1
7438,1
3380,1
2479,11
2877,1
2550,1
5228,11
7193,7
1295,1
2255,5
4283,8
774,2
1335,3
2902,2
5470,3
6408,1
3452,1
6346,2
714,3
3254,2
1742,1
4019,1
4943,1
1871,1
4123,3
4818,1
5583,2
1829,2
4184,1
1984,3
4748,1
526,1
559,1
1425,2
5557,1
5140,1
178,2
812,1
1926,8
5974,2
4008,1
3801,4
3326,3
1768,1
980,1
5115,2
2304,3
6825,1
6607,1
504,3
6130,3
6948,1
6013,1
3402,2
1188,1
633,3
1003,1
4607,1
900,1
5352,1
6995,1
1927,3
6574,1
5542,5
3925,1
1489,6
5023,1
5689,2
6250,1
3849,1
2396,5
3434,2
6560,1
4658,3
6177,1
5733,5
763,1
6512,2
6919,2
3589,1
2168,5
686,1
3463,2
428,2
6384,1
6721,3
3948,1
7381,1
2652,1
1847,1
5679,2
146,2
6508,1
752,1
4985,5
6300,3
98,1
5960,1
2554,3
7333,1
6102,2
2868,1
5308,5
6922,7
7225,3
243,6
4082,1
2927,1
4304,2
2939,1
6883,7
672,6
5777,1
7171,2
4767,1
4541,1
5280,4
1736,3
2462,1
4997,4
1708,2
4409,4
2092,1
5241,1
6982,2
3703,3
956,3
1366,3
3533,7
5544,2
2896,3
2573,1
1715,1
2620,1
3157,1
5560,10
3973,1
1081,1
163,6
1858,2
2778,2
1134,1
2671,1
533,2
3342,1
2767,2
4678,2
5970,1
7384,2
7472,3
5669,2
4290,1
4570,2
186,1
4212,4
6766,2
3475,2
7074,1
7047,3
4462,1
705,1
6664,3
6540,1
5247,1
886,1
6908,3
5968,4
4529,1
7104,1
297,1
4912,1
6830,1
1804,4
893,3
2703,1
473,1
6179,4
5078,4
5969,6
4434,2
6021,6
4146,1
7085,1
6303,1
6937,1
2333,3
4657,1
5433,2
6538,2
5961,1
2186,1
3436,4
970,1
4308,3
5549,3
2096,1
6852,3
1759,1
5687,1
2649,1
6451,1
2747,3
1285,1
1632,1
1747,2
3371,11
806,1
1201,1
7039,1
4965,6
6577,1
4264,1
5954,3
590,1
579,2
123,2
2873,2
4991,1
1647,1
1463,3
4316,2
3875,1
2072,1
1836,5
1414,3
885,2
5050,1
6444,3
7024,2
2155,5
6149,4
6530,1
5070,5
3132,2
3118,1
5391,2
2789,2
880,3
6425,1
7055,1
333,1
800,1
4786,1
3796,1
1865,3
3193,1
4685,1
2988,7
1141,1
404,3
6011,1
4925,1
2859,1
2079,1
4802,1
5429,1
6032,2
547,4
5156,1
2391,2
1989,5
1892,1
6305,1
2724,5
4934,2
6770,3
3226,1
4794,3
5035,1
2858,1
4301,1
3838,2
566,1
3196,1
2709,2
4513,1
3594,3
2078,2
3209,1
737,2
6330,1
7069,1
5317,1
3842,1
5611,8
1698,1
7475,1
4581,1
6285,1
2372,2
5292,1
4478,4
6572,9
5309,1
5574,1
6110,7
782,1
610,1
1792,1
4819,5
5432,6
3232,5
4174,5
5793,7
3955,1
1607,1
3959,2
2656,1
6345,1
5901,1
1672,1
1156,2
2349,3
2181,2
7395,4
181,1
3273,1
1830,1
1412,4
2535,1
1701,2
367,1
1137,2
6990,2
1516,1
7331,1
983,1
5104,1
3170,1
3364,1
4647,2
3117,5
4340,4
3556,1
4781,2
7339,1
5917,1
2536,1
4311,1
4460,1
690,3
4268,1
112,1
4868,4
4750,2
3201,2
5934,1
7052,1
3669,2
3729,1
3931,2
7018,3
1484,2
2098,2
1211,1
2312,1
5589,1
7243,1
4371,2
1706,3
6442,1
5563,2
5057,1
600,1
319,2
1790,2
3171,1
889,1
3200,2
6070,1
3085,2
5454,1
5406,1
3285,1
3072,2
3517,5
6119,1
1941,4
3120,1
5567,7
2989,1
3471,4
52,2
2585,1
2476,1
5723,1
6672,1
2027,2
5371,2
2775,2
2045,1
3155,2
5839,1
85,2
5032,1
3062,1
4739,1
4315,1
1798,2
32,3
1382,2
1381,1
3686,2
1537,1
3218,2
1993,2
6567,1
736,1
1505,2
6145,5
1006,1
278,1
2406,3
875,1
4635,3
4400,2
5401,6
5034,2
5694,1
1602,5
4959,2
4518,1
2762,6
3782,1
4982,2
443,1
4568,1
416,2
4833,1
5983,5
2457,2
427,3
5362,2
3373,1
2207,2
6877,4
6833,1
2975,4
5626,7
2527,2
6343,1
377,1
1517,1
4939,4
3956,1
1639,4
7197,1
5006,1
6522,1
728,1
456,1
4362,2
1873,1
4861,1
7349,1
2074,1
5792,8
6612,3
2630,1
5306,1
3637,1
1052,1
2436,4
4404,2
6584,1
5139,1
2232,5
3078,2
216,2
2714,1
7376,4
1755,1
809,9
7114,2
8,1
1869,1
5743,1
1839,1
2651,1
7273,1
1815,1
7279,4
4832,3
1501,2
2757,10
881,3
5305,1
3928,3
3532,4
6588,2
4821,1
2395,3
1956,5
7516,2
6777,1
4854,1
542,1
1270,2
1341,1
2764,2
1738,1
3102,1
6578,4
7056,1
6676,1
3522,5
5193,2
5958,1
1342,1
1128,1
6152,1
5704,3
4894,4
28,7
5576,4
3933,1
313,2
262,5
5871,2
1002,1
3058,16
2570,1
3814,1
30,1
1778,5
4602,2
1312,1
3596,1
585,3
1764,1
122,1
5885,1
7298,2
1942,1
5922,1
3717,1
531,1
3449,1
7190,2
7413,1
1581,1
4899,1
4506,1
5891,1
2655,1
3742,2
628,2
4642,1
5148,1
5483,1
3365,1
3357,5
6482,1
2682,2
5621,1
3897,7
5169,1
3526,1
1867,2
7423,5
2844,2
5528,1
5484,1
2664,12
3425,1
3927,1
5063,11
5906,2
545,6
7230,1
4795,2
6004,1
1767,1
2793,1
1510,1
7399,4
3575,1
5550,3
2280,2
2984,2
1696,1
4806,1
5094,5
6229,1
4138,1
1983,2
6637,1
3551,1
1198,1
155,1
2935,2
446,1
4249,2
6525,4
434,1
1115,2
3957,1
7315,3
587,1
6606,3
6137,1
1327,1
1646,1
3349,1
1262,4
6164,1
6507,1
842,1
4855,1
1282,1
2214,2
4165,9
97,2
3325,2
2996,1
6276,5
5404,1
7344,1
6331,3
2218,2
2969,3
351,2
5145,1
5183,4
2371,8
3963,25
6248,2
1142,1
3734,3
5055,4
2374,1
2170,1
1805,5
1615,2
2095,8
6372,1
922,1
5310,2
336,1
6469,3
3970,2
3597,1
6847,1
5654,4
7129,4
5800,2
1008,1
2744,2
1413,1
5322,1
4417,1
4219,3
5552,1
7196,1
1642,1
6134,2
826,1
1055,3
2197,7
6976,1
1652,2
7486,2
464,4
5849,3
5196,2
3578,3
2400,2
1745,2
1353,7
5314,1
4186,1
3334,1
6413,1
2289,2
7062,1
1248,1
1169,1
5179,1
2964,1
1075,1
5143,3
1565,1
1852,4
6718,1
6984,5
845,1
5555,2
2855,3
3585,1
4299,12
1291,2
3753,1
5198,2
7282,1
7447,3
406,1
76,1
334,4
3646,1
552,2
219,1
2235,1
7356,1
3617,1
6834,4
79,1
7240,1
450,3
4204,1
6817,4
3874,2
4534,1
3175,1
3655,5
2490,3
192,1
3950,1
338,1
3539,3
7317,2
6972,4
1851,3
4777,2
1221,7
6113,1
2707,2
5984,1
6050,1
1716,4
3211,1
5579,5
1459,1
3757,2
4419,1
5449,5
235,3
2292,3
4763,1
2888,4
1610,1
5493,1
6257,3
4195,1
4884,1
3684,1
6490,1
2378,6
7140,1
4998,1
2644,2
2473,4
29,4
1158,1
4760,2
1182,1
5255,1
6262,1
2827,2
1977,1
830,1
999,1
1041,1
6536,1
1714,1
4136,3
2614,1
2335,7
7293,3
5685,2
904,2
2128,1
4872,1
1579,4
227,4
1278,4
4684,1
1975,2
2742,3
7378,2
6850,2
7312,1
2727,1
3174,1
5421,1
7379,3
54,3
6814,13
993,5
5373,1
2609,2
3119,1
5281,1
6189,1
4729,15
3580,1
103,2
525,1
5374,4
3889,2
3151,6
1636,1
2758,2
4467,1
2272,1
3736,4
810,1
4774,4
4639,1
1398,1
1668,1
857,2
5628,1
6341,3
3856,1
1205,1
5613,1
2683,1
36,1
4497,5
4771,2
1559,1
1268,11
5548,1
1743,1
2718,2
53,3
3712,1
3634,2
6661,2
3397,1
5812,2
3113,2
2519,1
5822,1
4484,2
7431,4
3361,1
3711,1
4489,1
6308,2
4583,1
5096,2
1172,3
1586,1
4944,4
2332,1
7026,1
793,2
6356,3
4183,1
5869,1
3947,1
7424,1
5295,7
2222,1
4575,3
3563,2
1149,1
2619,6
2239,3
5091,2
3030,3
3265,4
2461,1
5501,3
4859,1
4327,1
6133,2
1404,1
3468,2
2738,1
1895,1
1904,2
3064,1
3105,1
6486,2
1583,2
3727,1
495,2
5212,1
3868,1
2321,3
5531,1
5408,1
5447,2
4789,2
2370,1
6868,2
1719,4
5138,1
3208,4
3601,4
2198,1
1593,1
7357,3
618,3
6396,1
6653,2
6462,4
5999,3
4034,1
1307,3
4746,1
5533,2
7414,1
3884,1
2273,1
2547,1
5301,1
3583,1
2840,4
6153,1
4557,1
1094,2
425,2
1390,2
3134,1
43,3
1970,3
4661,1
1077,6
6261,2
5279,2
6215,1
4101,1
5398,1
4591,2
4108,1
6283,1
3206,1
1086,1
4356,1
6478,1
5410,2
5987,1
1756,1
6249,2
1713,1
1558,2
1866,4
1471,1
645,2
3187,2
7041,1
6263,1
5417,1
6474,2
3898,1
4962,1
6549,4
2175,2
7234,5
3670,3
4527,1
2039,2
87,1
2946,3
169,1
1515,1
5452,2
344,2
3748,2
4354,4
824,1
1988,3
2152,2
2190,1
776,1
3609,1
5507,1
6781,1
649,7
5508,1
5706,3
902,2
4437,1
121,2
634,1
1189,1
5513,26
1334,1
944,1
2660,1
154,2
4051,1
1760,1
1722,4
2971,2
602,2
1315,1
6640,1
6694,2
3671,3
1037,3
188,1
7118,1
1395,2
5133,1
6785,2
6796,1
1540,1
1212,4
933,1
6740,1
2720,3
3954,1
527,1
1503,5
783,1
4967,11
2826,4
2142,1
4168,1
2788,1
308,3
6151,1
1456,1
7439,1
5855,1
3916,1
3114,2
1482,2
1208,1
1991,1
63,1
5880,3
6424,2
5556,1
2911,1
3299,1
5186,4
5485,1
5334,8
1589,4
4576,4
3480,2
3743,1
3935,5
118,2
2875,2
3514,6
3099,1
223,1
5166,2
3168,1
6128,2
4094,2
2558,1
2412,3
2467,3
6281,1
7507,1
231,4
4879,2
1424,2
3366,2
1454,1
2341,4
328,1
3538,1
2249,1
2281,2
4206,6
4567,1
1538,1
5122,1
6029,1
6232,6
7034,1
6630,2
1331,2
263,4
6166,1
3936,2
2862,3
7387,2
6499,7
2837,1
2054,2
4439,1
6051,2
6726,2
3485,5
7380,1
664,2
3830,1
3320,1
1674,1
4990,1
2932,1
1042,6
1495,1
5102,2
5781,3
1167,3
4676,5
4193,2
5430,1
3732,1
5742,4
5947,1
5530,1
665,1
5014,1
3894,2
3688,1
2510,1
1848,1
5646,4
6212,1
1439,7
4092,1
4421,1
3996,2
4904,1
6239,2
1929,2
807,1
3638,2
5912,1
6734,2
3714,2
5108,6
3125,1
4384,1
6988,3
1692,10
2316,1
6353,1
2582,1
399,1
2135,4
2551,1
4841,1
852,4
1143,3
4604,4
3354,1
1545,2
2203,1
549,1
268,2
4735,1
3771,8
2162,2
310,2
1614,4
1369,8
1627,2
5213,3
1490,1
5881,2
1746,1
7407,1
2602,1
4721,1
1519,1
2324,1
7348,3
2366,2
6915,3
5609,3
4612,2
6597,1
4253,4
2301,2
2082,1
3640,1
4562,9
957,1
3021,1
5208,7
4598,1
265,1
996,2
1162,5
379,1
3570,5
2399,1
5405,2
6730,1
3257,2
6184,4
168,1
4681,1
2765,1
2616,1
910,11
6925,12
3457,1
1707,2
2448,8
6526,3
4179,3
3032,1
238,1
3307,1
5264,1
4445,2
2543,3
4736,2
1936,1
1396,1
6844,1
3426,1
2185,2
4076,2
6277,2
6887,1
4002,8
6744,5
2691,3
1399,2
5619,1
6344,3
2607,1
2130,1
4929,7
825,1
6205,1
1793,2
4491,2
1898,1
1835,1
555,1
3515,2
5201,1
3705,2
2785,1
554,1
3104,1
2704,2
5466,1
2090,2
6078,2
1980,1
2248,1
2601,1
2220,2
4069,2
5428,1
2555,7
2834,1
2302,5
3010,1
7222,5
4395,1
4790,1
662,1
6798,3
7465,4
6802,1
2196,2
255,3
1811,2
2835,1
1875,1
6046,1
3850,3
1304,6
3116,2
5695,4
3088,2
66,1
827,3
2392,2
89,3
6104,2
2005,2
640,2
160,1
4902,6
4024,1
1954,2
1899,2
1104,1
7127,1
3465,1
1556,1
5640,2
4225,7
288,1
7213,9
738,4
1997,3
3579,7
4141,1
7093,1
6934,1
817,2
949,3
5392,3
505,5
34,1
4816,2
2158,2
5991,5
5725,3
3760,1
6039,1
3395,3
7394,1
1337,1
18,2
4669,1
4838,2
2615,2
139,2
614,3
2705,1
848,2
6562,2
143,1
594,6
7112,4
381,1
4814,5
6306,2
927,1
7382,1
1656,1
2296,2
466,1
7428,1
5739,3
4432,2
4009,1
4423,1
3852,1
1251,1
250,1
4399,1
3809,1
4561,3
5740,2
5435,2
6701,2
5632,1
1109,3
6275,2
777,1
582,1
4691,2
5526,1
4199,2
4124,1
2955,3
102,5
898,1
7325,2
7335,1
4784,1
6968,1
6167,4
1498,1
2,6
6460,2
6433,2
4933,3
6386,1
3536,3
5926,2
4140,1
4702,1
6156,2
6888,3
4585,1
3819,1
2575,1
5184,1
6550,1
6245,1
696,2
1772,2
3337,2
4143,1
3394,1
3603,4
3813,6
1531,4
5146,7
1702,1
3807,3
7059,7
6430,3
1140,3
3158,2
1754,3
7107,1
1840,1
7491,1
5529,4
2754,1
7144,1
4463,2
3544,1
7022,1
2212,7
2723,1
3658,20
5520,2
7025,5
1428,1
1758,4
5459,2
1985,1
46,14
2787,6
6292,1
7304,3
4603,4
2596,1
1246,2
6571,1
1386,2
6962,3
6861,2
1924,1
73,3
182,1
4389,3
3258,6
355,2
1748,2
5722,2
2569,1
6131,8
3123,1
4613,1
5005,1
2641,3
2068,1
4783,1
3235,1
6842,5
4190,1
1064,1
4033,1
7000,6
2842,1
868,1
2618,1
1215,1
4202,5
7409,2
965,2
4320,1
7277,1
2828,8
7322,1
6735,1
1712,7
3269,3
1223,1
6079,3
1232,1
1500,1
4852,1
2959,1
3056,1
1358,1
2030,1
6529,1
3886,2
1901,1
1673,1
7390,1
3220,2
7350,2
1276,1
233,1
2359,2
7412,1
5863,3
4490,2
6165,1
485,2
6057,2
2498,3
4511,1
5044,2
1258,2
2637,1
3416,2
2701,3
3202,9
5791,4
5789,4
2449,1
2426,1
4805,1
226,2
3639,1
500,1
2937,3
6625,2
3679,3
3338,1
1226,2
5807,1
3107,3
2058,2
3227,2
4752,1
1605,1
6471,5
540,2
3885,1
5419,2
4337,1
4860,2
5570,1
7276,1
2770,2
6784,1
7266,1
365,3
532,1
2256,1
5471,2
5994,2
5235,3
897,3
5368,1
6437,1
3297,1
7487,1
1599,2
4720,4
1935,7
6494,2
6903,1
4386,2
5056,1
499,4
3148,1
4465,1
3941,3
3362,1
5730,2
6826,1
3531,1
2882,1
4533,2
6518,1
2223,2
3499,1
4898,3
3749,2
2537,1
6186,4
4573,1
6822,1
994,1
5450,2
4521,1
6146,2
1435,4
2007,3
1387,1
5519,2
6450,1
2541,6
5774,2
7231,2
3133,3
4932,6
3566,1
96,17
3587,1
7254,1
2295,2
6720,1
820,1
2337,2
679,1
493,1
6764,1
1148,3
5904,10
4723,3
5364,1
2524,3
775,1
3106,4
5776,1
5911,1
5257,4
6638,1
5422,3
576,1
3020,1
3779,1
1183,2
19,1
398,10
5971,2
6082,2
966,4
5180,1
2318,1
5033,2
3156,1
5262,1
1678,2
4517,1
6099,8
5114,2
4358,1
2801,1
1552,4
3792,2
1533,1
5502,1
7375,4
5951,3
1062,1
2772,1
1889,1
1447,1
2380,2
1626,2
7159,3
1448,2
4937,6
5854,1
5696,2
6930,1
1959,1
2287,2
7351,3
4566,1
1107,2
4653,1
6111,6
638,2
5278,2
4244,1
6783,1
4132,1
5645,2
2172,3
2368,8
2451,1
7401,6
403,1
7139,4
1355,1
5775,2
3523,3
5580,2
5445,2
244,2
6997,1
5475,1
6217,1
2040,1
4070,6
1236,1
5778,1
2938,1
4366,1
7175,2
6586,3
1622,1
6038,1
2126,1
4917,4
6282,2
1330,1
3369,3
4955,2
1876,3
4923,1
3153,4
1157,2
1882,1
744,4
2951,1
7489,1
5407,1
2924,1
985,2
1947,2
1230,2
6379,1
1430,2
1402,3
5930,1
3217,6
6109,1
2051,1
179,2
7227,4
2836,2
4989,1
7383,1
6422,1
7296,1
4480,4
6208,5
1625,1
6889,1
6117,7
3143,1
370,1
5284,2
5307,4
2520,3
5551,9
6317,5
1563,1
7181,21
6063,1
2995,1
6452,1
4427,1
6895,2
3974,4
2151,2
821,6
6851,1
6663,1
2243,1
6271,1
1968,4
3691,1
3773,2
5238,2
299,1
3528,1
4827,9
2805,1
2908,7
5271,2
2405,1
871,6
6821,2
329,3
5741,1
6543,2
2954,1
5366,3
2189,1
5980,1
180,4
5779,1
6310,2
127,2
3392,1
939,1
5393,2
5088,3
3489,1
3555,2
4474,1
4624,2
6509,1
1422,2
2571,2
5356,1
439,1
1303,2
5178,1
5190,1
1906,8
2453,3
7019,1
1568,3
3763,1
991,1
5847,1
2846,1
4644,1
7505,2
2470,4
4066,3
1110,1
2818,1
4601,1
1651,6
795,1
7057,1
5312,1
3710,3
6732,2
6738,1
1096,1
7502,1
3641,4
2419,2
7106,5
7306,1
5036,1
950,1
2422,2
717,1
5000,3
1697,3
5261,4
5887,1
6927,3
799,1
1974,2
6563,1
3194,1
5525,1
2364,1
2853,1
1067,1
6251,1
2456,1
3567,3
5545,1
447,1
5787,1
4381,1
4209,2
3121,1
3737,1
7126,1
1670,2
3233,1
5760,1
4018,2
7377,2
6194,5
934,2
1020,1
249,5
194,2
4196,1
1446,4
4514,1
5990,3
4509,2
2804,2
6332,3
964,9
7113,1
5884,2
2205,2
316,1
7065,1
7146,1
132,2
2509,1
3152,2
1216,3
721,2
3046,3
4015,2
6545,2
2532,1
5149,3
3092,4
6019,3
6871,2
5155,2
6609,1
6780,2
2003,4
4036,1
947,1
6266,1
4762,2
6221,5
735,1
1856,3
660,1
6461,2
3550,1
50,3
1938,1
5107,1
6634,9
2358,1
5607,2
6993,1
2544,3
5883,2
51,2
4665,10
4047,1
7134,3
7251,1
2986,2
6911,3
203,5
2612,1
3799,2
529,1
4563,6
2489,3
4869,4
3255,11
5585,1
4372,1
5830,2
5982,1
3447,1
502,1
42,2
1596,3
4455,1
6514,1
5124,1
2831,1
59,1
1604,2
5860,2
2791,2
4701,1
3672,2
6115,1
3360,2
3428,1
7513,3
7167,3
4844,8
4662,1
1969,1
2580,3
1677,2
7346,1
4001,1
5131,2
7099,1
6126,2
2048,1
394,2
2099,1
3186,5
4745,3
6223,3
1507,1
5220,1
1481,5
7098,1
2418,1
2553,2
2327,4
2832,1
2736,2
4800,3
1217,2
1523,1
2926,2
5593,3
1514,1
1354,3
463,3
7309,3
3620,1
6002,1
4060,1
3961,1
1619,1
698,3
539,1
467,3
5040,3
648,2
1095,1
7473,3
2635,1
992,2
5630,1
1090,1
2725,1
5711,1
2443,3
3676,1
7173,1
1290,3
3295,1
1349,2
4127,1
190,5
3420,1
7087,3
16,1
6974,4
342,1
4221,1
6155,4
2484,1
4820,1
4097,3
6655,1
5928,1
148,1
888,1
236,1
1442,1
5819,1
2752,1
6470,6
5380,1
5386,2
294,1
2963,5
7023,5
2915,4
3051,2
4223,1
4154,3
5129,1
4822,5
2471,1
1666,2
4913,2
257,2
4726,3
3421,6
4203,2
3869,5
5707,1
4335,1
2493,1
4222,1
6568,2
1409,2
5216,1
2440,3
5647,4
7089,2
6502,2
5956,1
583,2
650,1
3044,4
936,1
568,1
4334,2
998,1
754,1
6916,3
6698,1
6996,4
4945,1
5181,4
6667,1
2564,1
4713,1
6713,1
3347,3
2905,1
2141,1
6801,3
4172,1
2060,1
6669,1
4294,1
5030,1
3764,1
6813,1
768,1
3878,1
572,4
860,1
5877,2
4954,1
7061,1
1576,1
1577,2
70,1
2215,12
2583,1
2560,4
743,1
1720,1
5986,4
760,3
225,2
5103,1
5340,2
5037,1
829,4
1061,2
6920,1
6382,4
3308,3
3286,3
5998,1
3971,1
6500,1
611,2
3697,1
1923,1
4261,1
7054,1
3821,1
895,1
5699,2
894,1
1054,2
2599,1
4864,1
4133,3
3740,1
5702,1
6214,2
3003,2
6837,1
1965,1
510,4
4328,2
7471,2
2825,4
747,3
4926,1
5604,2
5022,1
4878,3
771,1
2488,1
1401,1
4361,2
1259,1
2993,1
4673,2
6377,1
4012,3
5474,1
5123,1
6666,1
2178,1
1855,1
5875,1
920,2
1187,1
4072,2
5197,1
5748,1
1957,2
2879,1
2478,1
201,1
3083,2
7149,2
5443,7
14,3
3945,1
3802,2
1649,4
5909,4
2525,1
2472,2
3766,3
1693,1
6326,1
3896,3
1059,1
4549,1
6965,10
1431,1
2581,1
2653,12
4412,1
659,1
7174,1
5294,4
4109,1
5824,1
5074,2
2033,1
5757,1
1127,4
3166,11
6256,1
7205,2
3831,3
6142,1
1316,2
4835,5
4454,1
6829,1
173,1
2529,2
7392,7
3512,1
3494,1
6347,3
878,2
3659,7
2134,4
792,1
4357,2
784,2
4501,2
3750,1
6521,3
3177,4
7001,1
4536,1
2681,3
6539,1
2760,2
3169,1
6328,6
7453,1
943,8
4285,7
150,1
6691,1
1228,2
2721,1
1294,1
6061,2
7514,1
5841,3
4958,1
4239,1
3986,1
2508,1
2711,4
7320,1
5353,1
4263,4
4918,6
2906,3
7474,5
6448,1
3811,1
5708,3
5913,1
5365,2
7165,2
908,1
2477,4
3648,2
1667,1
4210,1
4907,4
5601,1
217,1
7345,1
538,3
612,1
925,1
2283,1
3448,1
5010,1
7042,1
2795,3
1709,1
3328,1
6139,1
2824,1
6787,1
7102,1
6935,1
6757,1
4237,3
5893,5
5495,1
7145,4
3404,2
5039,3
1350,1
3081,2
5511,2
1209,1
5686,9
6992,3
7010,7
6254,1
276,2
3535,6
6880,1
6986,2
1083,1
2285,1
3519,1
3612,1
4313,2
4191,2
3204,3
5234,2
5747,1
4507,3
437,1
3140,1
7201,1
2813,2
7295,1
5229,1
6100,1
1283,2
2310,4
5894,2
2592,1
6228,1
2254,1
7283,2
2397,1
5168,2
6342,1
1314,2
3358,1
6400,2
3949,1
3704,4
5067,1
3808,1
5816,1
4593,11
1662,1
6053,3
7373,1
5700,1
196,2
4909,1
2796,1
1741,3
2540,4
5164,1
3482,4
1171,3
414,5
667,1
1146,1
899,3
4922,2
1108,1
1120,1
1665,1
4519,1
5773,3
4580,2
2505,3
5670,3
1289,1
706,1
2503,1
5134,3
2444,2
4129,5
4081,1
3128,1
3301,1
3604,1
6954,2
1408,2
4905,7
2499,3
2838,4
6216,6
7284,1
5130,1
3445,1
489,2
6483,7
4634,1
1757,2
241,11
6198,1
6199,1
2556,1
7229,1
6707,1
3229,1
6622,8
4048,6
5937,3
861,1
5327,2
4258,1
816,2
4830,1
1079,1
2741,2
109,2
1740,2
524,4
6819,3
1129,1
5118,2
6575,1
6860,1
3115,1
2421,2
5946,5
6024,1
4609,1
6423,1
6349,4
5846,1
5798,1
617,2
5643,7
995,2
1569,1
5215,1
3700,2
4494,1
4811,1
5527,1
3966,2
1488,2
4265,1
198,1
413,2
5674,1
1915,4
3606,1
588,2
4618,2
1026,1
3408,3
5992,4
480,1
6162,2
2169,1
3804,1
5554,3
6751,3
1164,1
314,1
2894,1
4617,1
1345,1
1902,2
7500,2
5064,2
7456,3
7511,1
4928,2
2165,2
6136,2
7393,1
2061,1
1958,4
3775,1
1458,4
4547,1
6686,1
2329,1
1252,1
4809,3
4692,1
2458,1
5718,1
2004,1
3724,1
3048,2
729,1
2028,2
6795,2
7459,3
1045,7
891,1
575,3
4324,13
3026,1
1180,2
189,4
1306,1
5360,1
2360,3
1453,1
7330,5
952,1
7368,1
1118,1
4112,1
7053,3
2605,1
3825,5
723,1
2979,4
2823,7
1372,1
5019,2
5384,1
2323,2
2023,1
2044,1
2958,5
2843,2
303,2
5566,1
5790,1
1611,5
1131,1
3683,1
4330,3
5062,1
1729,1
281,2
301,2
5780,1
6739,3
5414,8
6412,3
6464,2
1553,6
5335,1
1486,2
718,1
5768,1
3633,4
7341,1
694,7
4829,1
7166,2
5664,1
7035,3
1136,4
3479,2
1575,3
2952,2
5415,1
6618,1
2124,1
643,1
6827,4
3840,1
4981,2
3432,4
5451,1
3065,2
3862,1
2326,9
5899,1
5649,1
1022,1
1832,1
2191,3
1122,1
7297,3
358,3
701,1
4801,2
3906,1
6678,1
1181,2
3530,1
2407,2
4893,1
1819,1
2696,1
892,1
739,1
4525,4
113,1
2103,5
2928,1
3777,4
1633,4
4675,1
6520,1
7495,1
3653,2
3673,4
652,1
6893,1
535,1
565,1
5577,4
1952,2
300,1
3427,1
3443,2
7482,1
2122,5
4350,2
202,1
2174,2
865,1
266,3
3619,1
2408,1
305,1
80,1
1721,1
1595,1
2034,1
5026,1
876,2
6143,7
7170,4
4075,2
3754,1
5418,1
7004,1
6260,3
3252,1
7396,5
5660,1
4663,5
7365,1
4799,1
3407,7
7484,2
2354,5
3225,4
1995,4
5153,1
5866,5
3929,2
3316,5
6524,2
5157,6
3008,2
6291,1
3253,1
4318,1
2810,1
1130,1
4296,3
2876,3
5633,1
5203,1
1868,3
3075,2
1761,1
5666,3
4235,1
553,1
1190,5
1339,1
5275,1
5539,1
4911,4
5202,2
7121,1
4023,1
5473,1
6007,1
710,3
